{
  "schemaVersion": 1,
  "tool": "dsp-fixture-evidence",
  "evidenceKind": "wdsp-rx-audio-render-summary",
  "scenarioId": "fading-carrier",
  "comparisonId": "candidate-under-test",
  "profile": "wdsp-nr5-spnr-candidate",
  "fixtureStatus": "offline-fixture-ready",
  "signalPath": "offline",
  "sampleRateHz": 48000,
  "sampleCount": 16384,
  "processingElapsedMs": 362.8791,
  "wdspRuntimeRid": "win-x64",
  "wdspRuntimeSha256": "d684676acdb803fa9912c64fe707317eadbf03a0ccde2f068119378507465ede",
  "wdspRuntimeStatus": "found",
  "rms": 0.032396959,
  "peak": 0.159401119,
  "crestFactorDb": 13.839742,
  "dcOffset": -4.227E-06,
  "windowedRmsSpreadDb": 5.422237,
  "clippingCount": 0,
  "txStageMeters": null,
  "nr5Diagnostics": {
    "SchemaVersion": 7,
    "ChannelId": 0,
    "Run": true,
    "Position": 1,
    "LearnedFrames": 61,
    "Aggressiveness": 0.62,
    "AgcRun": true,
    "TargetRms": 0.075,
    "MaxGain": 48,
    "AgcGain": 0.86,
    "AgcGainDb": -1.3,
    "PresencePeak": 0.542,
    "SaliencePeak": 0.282,
    "CoherencePeak": 0.218,
    "RidgePeak": 0.234,
    "MeanGain": 0.154,
    "MinGain": 0.063,
    "SuppressionDb": -16.2,
    "NoiseFloorDb": 14.9,
    "FloorReductionDb": 4.8,
    "DynamicRangeDb": 25.1,
    "SignalProbability": 0.076,
    "TextureFill": 0.014,
    "MaskSmoothing": 0.339,
    "SignalConfidence": 0.223,
    "AgcGate": 0.088,
    "LevelDrive": 0.202,
    "RecoveryDrive": 0.056,
    "WeakSignalMemory": 0,
    "MakeupGain": 1.001,
    "MakeupGainDb": 0,
    "InputRms": 0.21312,
    "InputDbfs": -13.4,
    "OutputRms": 0.040366,
    "OutputDbfs": -27.9,
    "OutputPeak": 0.114161,
    "OutputPeakDbfs": -18.8,
    "PeakEvidence": 0,
    "PeakLimit": 0.611913,
    "PeakLimitDbfs": -4.3,
    "PeakReductionDb": 0
  },
  "expectedTonesHz": [
    {
      "name": "wanted",
      "hz": 1250,
      "powerDb": -55.233295
    }
  ],
  "samplePreview": [
    -0.00743424,
    -0.0057391,
    -0.00273498,
    0.0015131,
    0.00677501,
    0.01267258,
    0.01871361,
    0.02433917,
    0.02897902,
    0.03210943,
    0.03330735,
    0.03229535,
    0.02897275,
    0.02343013,
    0.01594563,
    0.00696391,
    -0.00294028,
    -0.01310996,
    -0.02286072,
    -0.0315371,
    -0.03856545,
    -0.0434986,
    -0.04604858,
    -0.04610483,
    -0.04373699,
    -0.03918255,
    -0.03282102,
    -0.02513753,
    -0.01667942,
    -0.0080099,
    0.00033722,
    0.0078979,
    0.01431023,
    0.01933635,
    0.02287288,
    0.02494933,
    0.02571538,
    0.02541875,
    0.02437577,
    0.02293775,
    0.02145598,
    0.02024858,
    0.01957168,
    0.01959757,
    0.02040095,
    0.02195465,
    0.02413438,
    0.02673224
  ],
  "notes": [
    "WDSP-backed offline fixture evidence; it does not prove G2, on-air, or cross-radio acceptance.",
    "TX/PureSignal graduation still requires G2 bench and safe-bypass hardware evidence."
  ]
}