{
  "schemaVersion": 1,
  "tool": "dsp-fixture-evidence",
  "evidenceKind": "wdsp-rx-audio-render-summary",
  "scenarioId": "squelch-transition",
  "comparisonId": "candidate-under-test",
  "profile": "wdsp-nr5-spnr-candidate",
  "fixtureStatus": "offline-fixture-ready",
  "signalPath": "offline",
  "sampleRateHz": 48000,
  "sampleCount": 16384,
  "processingElapsedMs": 356.4484,
  "wdspRuntimeRid": "win-x64",
  "wdspRuntimeSha256": "d684676acdb803fa9912c64fe707317eadbf03a0ccde2f068119378507465ede",
  "wdspRuntimeStatus": "found",
  "rms": 0.035210211,
  "peak": 0.152562052,
  "crestFactorDb": 12.735558,
  "dcOffset": -1.3403E-05,
  "windowedRmsSpreadDb": 6.934287,
  "clippingCount": 0,
  "txStageMeters": null,
  "nr5Diagnostics": {
    "SchemaVersion": 7,
    "ChannelId": 0,
    "Run": true,
    "Position": 1,
    "LearnedFrames": 61,
    "Aggressiveness": 0.62,
    "AgcRun": true,
    "TargetRms": 0.075,
    "MaxGain": 48,
    "AgcGain": 0.864,
    "AgcGainDb": -1.3,
    "PresencePeak": 0.528,
    "SaliencePeak": 0.281,
    "CoherencePeak": 0.255,
    "RidgePeak": 0.236,
    "MeanGain": 0.251,
    "MinGain": 0.065,
    "SuppressionDb": -12,
    "NoiseFloorDb": 15.8,
    "FloorReductionDb": 4.7,
    "DynamicRangeDb": 24.2,
    "SignalProbability": 0.059,
    "TextureFill": 0.015,
    "MaskSmoothing": 0.274,
    "SignalConfidence": 0.216,
    "AgcGate": 0.095,
    "LevelDrive": 0.208,
    "RecoveryDrive": 0.075,
    "WeakSignalMemory": 0,
    "MakeupGain": 1,
    "MakeupGainDb": 0,
    "InputRms": 0.226448,
    "InputDbfs": -12.9,
    "OutputRms": 0.040816,
    "OutputDbfs": -27.8,
    "OutputPeak": 0.12614,
    "OutputPeakDbfs": -18,
    "PeakEvidence": 0,
    "PeakLimit": 0.61168,
    "PeakLimitDbfs": -4.3,
    "PeakReductionDb": 0
  },
  "expectedTonesHz": [
    {
      "name": "wanted",
      "hz": 1650,
      "powerDb": -63.297524
    }
  ],
  "samplePreview": [
    0.02168359,
    0.02921954,
    0.03519016,
    0.03945502,
    0.04202964,
    0.04305473,
    0.04275366,
    0.04138512,
    0.03919813,
    0.03639579,
    0.03311282,
    0.02940952,
    0.02528229,
    0.02068816,
    0.01557893,
    0.00993858,
    0.00381753,
    -0.00264262,
    -0.00919884,
    -0.01551364,
    -0.02117956,
    -0.025759,
    -0.0288344,
    -0.03006251,
    -0.02922509,
    -0.02626896,
    -0.02132889,
    -0.01472942,
    -0.00696376,
    0.00134865,
    0.00952183,
    0.0168735,
    0.02279778,
    0.02683153,
    0.02870609,
    0.02837789,
    0.0260338,
    0.02207007,
    0.01704712,
    0.01162514,
    0.00648829,
    0.00226618,
    -0.00053773,
    -0.00160257,
    -0.00082446,
    0.00167499,
    0.0055668,
    0.01035698
  ],
  "notes": [
    "WDSP-backed offline fixture evidence; it does not prove G2, on-air, or cross-radio acceptance.",
    "TX/PureSignal graduation still requires G2 bench and safe-bypass hardware evidence."
  ]
}