{
  "schemaVersion": 1,
  "tool": "dsp-fixture-evidence",
  "evidenceKind": "wdsp-rx-audio-render-summary",
  "scenarioId": "noise-only-gating",
  "comparisonId": "candidate-under-test",
  "profile": "wdsp-nr5-spnr-candidate",
  "fixtureStatus": "offline-fixture-ready",
  "signalPath": "offline",
  "sampleRateHz": 48000,
  "sampleCount": 16384,
  "processingElapsedMs": 362.2579,
  "wdspRuntimeRid": "win-x64",
  "wdspRuntimeSha256": "d684676acdb803fa9912c64fe707317eadbf03a0ccde2f068119378507465ede",
  "wdspRuntimeStatus": "found",
  "rms": 0.032431641,
  "peak": 0.143178701,
  "crestFactorDb": 12.89819,
  "dcOffset": 2.1396E-05,
  "windowedRmsSpreadDb": 6.34835,
  "clippingCount": 0,
  "txStageMeters": null,
  "nr5Diagnostics": {
    "SchemaVersion": 7,
    "ChannelId": 0,
    "Run": true,
    "Position": 1,
    "LearnedFrames": 61,
    "Aggressiveness": 0.62,
    "AgcRun": true,
    "TargetRms": 0.075,
    "MaxGain": 48,
    "AgcGain": 0.844,
    "AgcGainDb": -1.5,
    "PresencePeak": 0.5,
    "SaliencePeak": 0.295,
    "CoherencePeak": 0.221,
    "RidgePeak": 0.226,
    "MeanGain": 0.209,
    "MinGain": 0.061,
    "SuppressionDb": -13.6,
    "NoiseFloorDb": 15.5,
    "FloorReductionDb": 4.7,
    "DynamicRangeDb": 24.5,
    "SignalProbability": 0.074,
    "TextureFill": 0.011,
    "MaskSmoothing": 0.357,
    "SignalConfidence": 0.22,
    "AgcGate": 0.093,
    "LevelDrive": 0.171,
    "RecoveryDrive": 0.07,
    "WeakSignalMemory": 0,
    "MakeupGain": 1,
    "MakeupGainDb": 0,
    "InputRms": 0.210873,
    "InputDbfs": -13.5,
    "OutputRms": 0.03364,
    "OutputDbfs": -29.5,
    "OutputPeak": 0.113211,
    "OutputPeakDbfs": -18.9,
    "PeakEvidence": 0,
    "PeakLimit": 0.613174,
    "PeakLimitDbfs": -4.2,
    "PeakReductionDb": 0
  },
  "expectedTonesHz": [],
  "samplePreview": [
    0.00182127,
    -0.00810641,
    -0.01833824,
    -0.02832102,
    -0.03748969,
    -0.04531384,
    -0.0513428,
    -0.05524515,
    -0.05683836,
    -0.05610551,
    -0.05319736,
    -0.0484191,
    -0.04220322,
    -0.03507098,
    -0.02758629,
    -0.02030661,
    -0.01373572,
    -0.00828287,
    -0.00423231,
    -0.00172576,
    -0.00075919,
    -0.00119351,
    -0.00277764,
    -0.00518066,
    -0.0080295,
    -0.01094768,
    -0.01359114,
    -0.01567741,
    -0.01700564,
    -0.01746603,
    -0.0170386,
    -0.01578246,
    -0.01381783,
    -0.01130383,
    -0.00841505,
    -0.00532022,
    -0.00216547,
    0.00093622,
    0.00390854,
    0.00670873,
    0.00931923,
    0.01173596,
    0.01395582,
    0.01596569,
    0.01773495,
    0.01921309,
    0.02033272,
    0.02101774
  ],
  "notes": [
    "WDSP-backed offline fixture evidence; it does not prove G2, on-air, or cross-radio acceptance.",
    "TX/PureSignal graduation still requires G2 bench and safe-bypass hardware evidence."
  ]
}