{
  "schemaVersion": 1,
  "tool": "dsp-fixture-evidence",
  "evidenceKind": "wdsp-rx-audio-render-summary",
  "scenarioId": "weak-cw-carrier",
  "comparisonId": "candidate-under-test",
  "profile": "wdsp-nr5-spnr-candidate",
  "fixtureStatus": "offline-fixture-ready",
  "signalPath": "RXA",
  "sampleRateHz": 48000,
  "sampleCount": 16384,
  "processingElapsedMs": 357.9243,
  "wdspRuntimeRid": "win-x64",
  "wdspRuntimeSha256": "d684676acdb803fa9912c64fe707317eadbf03a0ccde2f068119378507465ede",
  "wdspRuntimeStatus": "found",
  "rms": 0.035998856,
  "peak": 0.156748757,
  "crestFactorDb": 12.778308,
  "dcOffset": 8.64E-07,
  "windowedRmsSpreadDb": 5.355994,
  "clippingCount": 0,
  "txStageMeters": null,
  "nr5Diagnostics": {
    "SchemaVersion": 7,
    "ChannelId": 0,
    "Run": true,
    "Position": 1,
    "LearnedFrames": 61,
    "Aggressiveness": 0.62,
    "AgcRun": true,
    "TargetRms": 0.075,
    "MaxGain": 48,
    "AgcGain": 0.86,
    "AgcGainDb": -1.3,
    "PresencePeak": 0.546,
    "SaliencePeak": 0.286,
    "CoherencePeak": 0.231,
    "RidgePeak": 0.232,
    "MeanGain": 0.132,
    "MinGain": 0.048,
    "SuppressionDb": -17.6,
    "NoiseFloorDb": 15.9,
    "FloorReductionDb": 4.9,
    "DynamicRangeDb": 23.8,
    "SignalProbability": 0.068,
    "TextureFill": 0.011,
    "MaskSmoothing": 0.312,
    "SignalConfidence": 0.209,
    "AgcGate": 0.079,
    "LevelDrive": 0.148,
    "RecoveryDrive": 0.032,
    "WeakSignalMemory": 0,
    "MakeupGain": 1,
    "MakeupGainDb": 0,
    "InputRms": 0.193217,
    "InputDbfs": -14.3,
    "OutputRms": 0.03744,
    "OutputDbfs": -28.5,
    "OutputPeak": 0.104274,
    "OutputPeakDbfs": -19.6,
    "PeakEvidence": 0,
    "PeakLimit": 0.614085,
    "PeakLimitDbfs": -4.2,
    "PeakReductionDb": 0
  },
  "expectedTonesHz": [
    {
      "name": "wanted",
      "hz": 1500,
      "powerDb": -61.904661
    }
  ],
  "samplePreview": [
    0.00260831,
    -0.00157063,
    -0.006193,
    -0.01103892,
    -0.01589182,
    -0.02055328,
    -0.0248541,
    -0.02866099,
    -0.03187921,
    -0.03445158,
    -0.03635496,
    -0.03759534,
    -0.03820242,
    -0.03822467,
    -0.03772521,
    -0.03677859,
    -0.0354682,
    -0.03388385,
    -0.03211889,
    -0.03026636,
    -0.02841394,
    -0.0266377,
    -0.02499519,
    -0.02351857,
    -0.02220893,
    -0.02103277,
    -0.01992185,
    -0.01877693,
    -0.01747587,
    -0.0158855,
    -0.01387655,
    -0.01134012,
    -0.00820372,
    -0.00444507,
    -0.0001015,
    0.00472637,
    0.00987786,
    0.0151424,
    0.02027611,
    0.02502318,
    0.02914011,
    0.03241999,
    0.03471428,
    0.03594944,
    0.03613643,
    0.03537184,
    0.03383028,
    0.03174872
  ],
  "notes": [
    "WDSP-backed offline fixture evidence; it does not prove G2, on-air, or cross-radio acceptance.",
    "TX/PureSignal graduation still requires G2 bench and safe-bypass hardware evidence."
  ]
}