{
  "schemaVersion": 1,
  "tool": "dsp-fixture-evidence",
  "evidenceKind": "wdsp-rx-audio-render-summary",
  "scenarioId": "impulse-noise",
  "comparisonId": "candidate-under-test",
  "profile": "wdsp-nr5-spnr-candidate",
  "fixtureStatus": "offline-fixture-ready",
  "signalPath": "offline",
  "sampleRateHz": 48000,
  "sampleCount": 16384,
  "processingElapsedMs": 360.1114,
  "wdspRuntimeRid": "win-x64",
  "wdspRuntimeSha256": "d684676acdb803fa9912c64fe707317eadbf03a0ccde2f068119378507465ede",
  "wdspRuntimeStatus": "found",
  "rms": 0.073114695,
  "peak": 0.464005619,
  "crestFactorDb": 16.050371,
  "dcOffset": -1.147E-06,
  "windowedRmsSpreadDb": 2.065893,
  "clippingCount": 0,
  "txStageMeters": null,
  "nr5Diagnostics": {
    "SchemaVersion": 7,
    "ChannelId": 0,
    "Run": true,
    "Position": 1,
    "LearnedFrames": 61,
    "Aggressiveness": 0.62,
    "AgcRun": true,
    "TargetRms": 0.075,
    "MaxGain": 48,
    "AgcGain": 0.948,
    "AgcGainDb": -0.5,
    "PresencePeak": 0.588,
    "SaliencePeak": 0.977,
    "CoherencePeak": 0.562,
    "RidgePeak": 0.539,
    "MeanGain": 0.136,
    "MinGain": 0.039,
    "SuppressionDb": -17.3,
    "NoiseFloorDb": 13.5,
    "FloorReductionDb": 4.8,
    "DynamicRangeDb": 24.8,
    "SignalProbability": 0.065,
    "TextureFill": 0.02,
    "MaskSmoothing": 0.294,
    "SignalConfidence": 0.266,
    "AgcGate": 0.392,
    "LevelDrive": 0.701,
    "RecoveryDrive": 0.325,
    "WeakSignalMemory": 0,
    "MakeupGain": 1.007,
    "MakeupGainDb": 0.1,
    "InputRms": 0.115791,
    "InputDbfs": -18.7,
    "OutputRms": 0.061309,
    "OutputDbfs": -24.2,
    "OutputPeak": 0.432157,
    "OutputPeakDbfs": -7.3,
    "PeakEvidence": 0.073,
    "PeakLimit": 0.603553,
    "PeakLimitDbfs": -4.4,
    "PeakReductionDb": 0
  },
  "expectedTonesHz": [
    {
      "name": "wanted",
      "hz": 1700,
      "powerDb": -60.383682
    }
  ],
  "samplePreview": [
    0.01992497,
    0.03879027,
    0.05511856,
    0.06670734,
    0.07180355,
    0.06936089,
    0.05922939,
    0.04225114,
    0.02024513,
    -0.00412328,
    -0.02757988,
    -0.04656526,
    -0.05761253,
    -0.05773997,
    -0.04481578,
    -0.01785352,
    0.02279721,
    0.07539014,
    0.13686377,
    0.203062,
    0.26907599,
    0.3296755,
    0.37978822,
    0.41497886,
    0.43187928,
    0.42852452,
    0.40456006,
    0.36129665,
    0.30160645,
    0.22966991,
    0.15059793,
    0.06996751,
    -0.00668247,
    -0.07434467,
    -0.12897685,
    -0.16783302,
    -0.18966094,
    -0.19474916,
    -0.18482263,
    -0.16280158,
    -0.13245301,
    -0.09797373,
    -0.06355081,
    -0.03294586,
    -0.00914563,
    0.00588713,
    0.01134066,
    0.00755138
  ],
  "notes": [
    "WDSP-backed offline fixture evidence; it does not prove G2, on-air, or cross-radio acceptance.",
    "TX/PureSignal graduation still requires G2 bench and safe-bypass hardware evidence."
  ]
}