{
  "schemaVersion": 1,
  "tool": "dsp-fixture-evidence",
  "evidenceKind": "wdsp-rx-audio-render-summary",
  "scenarioId": "agc-level-step",
  "comparisonId": "candidate-under-test",
  "profile": "wdsp-nr5-spnr-candidate",
  "fixtureStatus": "offline-fixture-ready",
  "signalPath": "offline",
  "sampleRateHz": 48000,
  "sampleCount": 16384,
  "processingElapsedMs": 361.4414,
  "wdspRuntimeRid": "win-x64",
  "wdspRuntimeSha256": "d684676acdb803fa9912c64fe707317eadbf03a0ccde2f068119378507465ede",
  "wdspRuntimeStatus": "found",
  "rms": 0.024247227,
  "peak": 0.157580897,
  "crestFactorDb": 16.25683,
  "dcOffset": 1.359E-06,
  "windowedRmsSpreadDb": 6.588952,
  "clippingCount": 0,
  "txStageMeters": null,
  "nr5Diagnostics": {
    "SchemaVersion": 7,
    "ChannelId": 0,
    "Run": true,
    "Position": 1,
    "LearnedFrames": 61,
    "Aggressiveness": 0.62,
    "AgcRun": true,
    "TargetRms": 0.075,
    "MaxGain": 48,
    "AgcGain": 0.979,
    "AgcGainDb": -0.2,
    "PresencePeak": 0.548,
    "SaliencePeak": 0.288,
    "CoherencePeak": 0.321,
    "RidgePeak": 0.234,
    "MeanGain": 0.329,
    "MinGain": 0.052,
    "SuppressionDb": -9.7,
    "NoiseFloorDb": 13,
    "FloorReductionDb": 4.5,
    "DynamicRangeDb": 25.5,
    "SignalProbability": 0.1,
    "TextureFill": 0.017,
    "MaskSmoothing": 0.338,
    "SignalConfidence": 0.238,
    "AgcGate": 0.069,
    "LevelDrive": 0.155,
    "RecoveryDrive": 0.158,
    "WeakSignalMemory": 0,
    "MakeupGain": 1,
    "MakeupGainDb": 0,
    "InputRms": 0.177564,
    "InputDbfs": -15,
    "OutputRms": 0.043023,
    "OutputDbfs": -27.3,
    "OutputPeak": 0.10631,
    "OutputPeakDbfs": -19.5,
    "PeakEvidence": 0,
    "PeakLimit": 0.613786,
    "PeakLimitDbfs": -4.2,
    "PeakReductionDb": 0
  },
  "expectedTonesHz": [
    {
      "name": "wanted",
      "hz": 1400,
      "powerDb": -57.184919
    }
  ],
  "samplePreview": [
    0.07448948,
    0.06983235,
    0.06159602,
    0.05072064,
    0.03835413,
    0.02572539,
    0.01401105,
    0.00421099,
    -0.00295335,
    -0.00710681,
    -0.00824729,
    -0.00672921,
    -0.00320643,
    0.00145804,
    0.00630416,
    0.01039561,
    0.0129346,
    0.01335759,
    0.01140094,
    0.00712949,
    0.00092518,
    -0.00656205,
    -0.0144947,
    -0.02194959,
    -0.02802874,
    -0.03196621,
    -0.03321847,
    -0.03152804,
    -0.02695345,
    -0.01986265,
    -0.01089127,
    -0.00087108,
    0.00926245,
    0.01857275,
    0.02622292,
    0.03156335,
    0.03419678,
    0.03401385,
    0.03119629,
    0.02618799,
    0.01963846,
    0.01232566,
    0.00506754,
    -0.00136749,
    -0.00634136,
    -0.00940962,
    -0.01036118,
    -0.00923094
  ],
  "notes": [
    "WDSP-backed offline fixture evidence; it does not prove G2, on-air, or cross-radio acceptance.",
    "TX/PureSignal graduation still requires G2 bench and safe-bypass hardware evidence."
  ]
}