{
  "schemaVersion": 1,
  "tool": "dsp-fixture-evidence",
  "evidenceKind": "wdsp-rx-audio-render-summary",
  "scenarioId": "strong-adjacent",
  "comparisonId": "candidate-under-test",
  "profile": "wdsp-nr5-spnr-candidate",
  "fixtureStatus": "offline-fixture-ready",
  "signalPath": "offline",
  "sampleRateHz": 48000,
  "sampleCount": 16384,
  "processingElapsedMs": 361.445,
  "wdspRuntimeRid": "win-x64",
  "wdspRuntimeSha256": "d684676acdb803fa9912c64fe707317eadbf03a0ccde2f068119378507465ede",
  "wdspRuntimeStatus": "found",
  "rms": 0.048957657,
  "peak": 0.206794053,
  "crestFactorDb": 12.514348,
  "dcOffset": -1.1395E-05,
  "windowedRmsSpreadDb": 8.388429,
  "clippingCount": 0,
  "txStageMeters": null,
  "nr5Diagnostics": {
    "SchemaVersion": 7,
    "ChannelId": 0,
    "Run": true,
    "Position": 1,
    "LearnedFrames": 61,
    "Aggressiveness": 0.62,
    "AgcRun": true,
    "TargetRms": 0.075,
    "MaxGain": 48,
    "AgcGain": 0.851,
    "AgcGainDb": -1.4,
    "PresencePeak": 0.535,
    "SaliencePeak": 0.547,
    "CoherencePeak": 0.31,
    "RidgePeak": 0.3,
    "MeanGain": 0.142,
    "MinGain": 0.054,
    "SuppressionDb": -16.9,
    "NoiseFloorDb": 15.4,
    "FloorReductionDb": 4.8,
    "DynamicRangeDb": 27.4,
    "SignalProbability": 0.079,
    "TextureFill": 0.02,
    "MaskSmoothing": 0.387,
    "SignalConfidence": 0.219,
    "AgcGate": 0.094,
    "LevelDrive": 0.181,
    "RecoveryDrive": 0.046,
    "WeakSignalMemory": 0,
    "MakeupGain": 1,
    "MakeupGainDb": 0,
    "InputRms": 0.211067,
    "InputDbfs": -13.5,
    "OutputRms": 0.060636,
    "OutputDbfs": -24.3,
    "OutputPeak": 0.180236,
    "OutputPeakDbfs": -14.9,
    "PeakEvidence": 0,
    "PeakLimit": 0.612772,
    "PeakLimitDbfs": -4.3,
    "PeakReductionDb": 0
  },
  "expectedTonesHz": [
    {
      "name": "wanted",
      "hz": 1200,
      "powerDb": -56.531106
    },
    {
      "name": "adjacent",
      "hz": 5500,
      "powerDb": -101.649376
    }
  ],
  "samplePreview": [
    -0.0049217,
    0.00848317,
    0.02451088,
    0.04220708,
    0.06040167,
    0.07780061,
    0.09309352,
    0.105068,
    0.11272052,
    0.11535341,
    0.11264817,
    0.10470693,
    0.09205675,
    0.07561447,
    0.05661385,
    0.03650044,
    0.01680311,
    -0.00100597,
    -0.01564956,
    -0.02616781,
    -0.03201227,
    -0.03310094,
    -0.0298277,
    -0.02302363,
    -0.01387318,
    -0.00379241,
    0.00571884,
    0.01323598,
    0.01756352,
    0.01786727,
    0.01377045,
    0.00540264,
    -0.0066046,
    -0.021176,
    -0.03689972,
    -0.0521725,
    -0.06536833,
    -0.07501251,
    -0.0799429,
    -0.07944077,
    -0.07331667,
    -0.06194194,
    -0.04622171,
    -0.0275117,
    -0.00748748,
    0.01202044,
    0.02920822,
    0.04247793
  ],
  "notes": [
    "WDSP-backed offline fixture evidence; it does not prove G2, on-air, or cross-radio acceptance.",
    "TX/PureSignal graduation still requires G2 bench and safe-bypass hardware evidence."
  ]
}