{
  "schemaVersion": 1,
  "tool": "dsp-fixture-evidence",
  "evidenceKind": "wdsp-rx-audio-render-summary",
  "scenarioId": "ssb-like-speech",
  "comparisonId": "candidate-under-test",
  "profile": "wdsp-nr5-spnr-candidate",
  "fixtureStatus": "offline-fixture-ready",
  "signalPath": "offline",
  "sampleRateHz": 48000,
  "sampleCount": 16384,
  "processingElapsedMs": 361.0137,
  "wdspRuntimeRid": "win-x64",
  "wdspRuntimeSha256": "d684676acdb803fa9912c64fe707317eadbf03a0ccde2f068119378507465ede",
  "wdspRuntimeStatus": "found",
  "rms": 0.034120329,
  "peak": 0.138682321,
  "crestFactorDb": 12.180158,
  "dcOffset": -6.62E-07,
  "windowedRmsSpreadDb": 7.208311,
  "clippingCount": 0,
  "txStageMeters": null,
  "nr5Diagnostics": {
    "SchemaVersion": 7,
    "ChannelId": 0,
    "Run": true,
    "Position": 1,
    "LearnedFrames": 61,
    "Aggressiveness": 0.62,
    "AgcRun": true,
    "TargetRms": 0.075,
    "MaxGain": 48,
    "AgcGain": 0.873,
    "AgcGainDb": -1.2,
    "PresencePeak": 0.526,
    "SaliencePeak": 0.27,
    "CoherencePeak": 0.219,
    "RidgePeak": 0.23,
    "MeanGain": 0.313,
    "MinGain": 0.063,
    "SuppressionDb": -10.1,
    "NoiseFloorDb": 15.7,
    "FloorReductionDb": 4.2,
    "DynamicRangeDb": 24.7,
    "SignalProbability": 0.083,
    "TextureFill": 0.023,
    "MaskSmoothing": 0.359,
    "SignalConfidence": 0.219,
    "AgcGate": 0.073,
    "LevelDrive": 0.146,
    "RecoveryDrive": 0.103,
    "WeakSignalMemory": 0,
    "MakeupGain": 1,
    "MakeupGainDb": 0,
    "InputRms": 0.201893,
    "InputDbfs": -13.9,
    "OutputRms": 0.03513,
    "OutputDbfs": -29.1,
    "OutputPeak": 0.106331,
    "OutputPeakDbfs": -19.5,
    "PeakEvidence": 0,
    "PeakLimit": 0.61417,
    "PeakLimitDbfs": -4.2,
    "PeakReductionDb": 0
  },
  "expectedTonesHz": [
    {
      "name": "f1",
      "hz": 420,
      "powerDb": -57.676598
    },
    {
      "name": "f2",
      "hz": 1050,
      "powerDb": -57.268741
    },
    {
      "name": "f3",
      "hz": 2100,
      "powerDb": -51.641778
    }
  ],
  "samplePreview": [
    -0.00290598,
    -0.01103894,
    -0.01841377,
    -0.0246656,
    -0.02950084,
    -0.03270263,
    -0.03413377,
    -0.03373867,
    -0.03154489,
    -0.02766469,
    -0.0222958,
    -0.01572013,
    -0.00829877,
    -0.00046144,
    0.00731087,
    0.0145109,
    0.02063716,
    0.02523161,
    0.02791991,
    0.02845063,
    0.0267289,
    0.02283992,
    0.01705847,
    0.00984138,
    0.00180173,
    -0.00633452,
    -0.01378672,
    -0.01978792,
    -0.023657,
    -0.02486752,
    -0.02310573,
    -0.01831113,
    -0.0106942,
    -0.00072831,
    0.01088458,
    0.02327221,
    0.03546907,
    0.046505,
    0.05549656,
    0.06173177,
    0.06473935,
    0.06433499,
    0.0606396,
    0.05406716,
    0.04528326,
    0.0351384,
    0.02458295,
    0.01457254
  ],
  "notes": [
    "WDSP-backed offline fixture evidence; it does not prove G2, on-air, or cross-radio acceptance.",
    "TX/PureSignal graduation still requires G2 bench and safe-bypass hardware evidence."
  ]
}